0,1,2,3,4,5,6,7,8,9,10,11,12,13,14,15
Semana,Fecha,Casos,Casos,Casos,Casos,Casos,Casos,Casos,Casos,Casos,Casos,Casos,,Pruebas,Pruebas
Semana,Fecha,Activos,Activos,Confirmados,Confirmados,Recuperados,Recuperados,Fallecidos,Fallecidos,,Severos,Severos,,PCR+PR,PCR+PR
Semana,Fecha,Var.,Acum.,Nuevos,Acum.,Nuevos,Acum.,Nuevos,Acum.,,Hosp.,UCI,,Nuevos,Acum.
Sem. 1,6-3-2020,1,1,1,1,-,-,-,-,,-,-,,155,155
Sem. 1,7-3-2020,5,6,5,6,-,-,-,-,,-,-,,64,219
Sem. 2,8-3-2020,1,7,1,7,-,-,-,-,,-,-,,31,250
Sem. 2,9-3-2020,2,9,2,9,-,-,-,-,,-,-,,68,318
Sem. 2,10-3-2020,2,11,2,11,-,-,-,-,,-,-,,28,346
Sem. 2,11-3-2020,6,17,6,17,-,-,-,-,,-,-,,368,714
Sem. 2,12-3-2020,5,22,5,22,-,-,-,-,,-,-,,141,905
Sem. 2,13-3-2020,16,38,16,38,-,-,-,-,,-,-,,377,1232
Sem. 2,14-3-2020,5,43,5,43,-,-,-,-,,-,-,,313,1545
Sem. 3,15-3-2020,28,71,28,71,-,-,-,-,,-,-,,277,1822
Sem. 3,16-3-2020,14,85,15,86,1,1,-,-,,8,3,,493,2315
Sem. 3,17-3-2020,31,116,31,117,0,1,-,-,,13,3,,365,2797
Sem. 3,18-3-2020,28,144,28,145,0,1,-,-,,19,5,,395,3075
Sem. 3,19-3-2020,86,230,89,234,0,1,3,3,,19,7,,766,3841
Sem. 3,20-3-2020,28,258,29,263,0,1,1,4,,28,5,,457,4298
Sem. 3,21-3-2020,54,312,55,318,0,1,1,5,,28,5,,687,5185
Sem. 4,22-3-2020,45,357,45,363,0,1,0,5,,31,5,,1199,6184
Sem. 4,23-3-2020,31,388,32,395,0,1,0,5,,36,7,,480,6664
Sem. 4,24-3-2020,18,406,21,416,3,4,2,7,,23,9,,349,7013
Sem. 4,25-3-2020,64,470,64,480,2,6,2,9,,38,18,,1027,8040
Sem. 4,26-3-2020,84,554,100,580,8,14,0,9,,58,14,,1179,9219
Sem. 4,27-3-2020,48,602,55,635,2,16,2,11,,79,21,,846,10 065
Sem. 4,28-3-2020,34,636,36,671,0,16,5,16,,84,33,,831,10 896
Sem. 5,29-3-2020,176,812,181,852,0,16,2,18,,107,40,,1773,12 669
Sem. 5,30-3-2020,-160,652,98,950,253,269,6,24,,238,49,,783,13 452
Sem. 5,31-3-2020,-11,641,115,1065,125,394,6,30,,190,57,,1011,14 463
Semana,Fecha,Activos,Activos,Confirmados,Confirmados,Recuperados,Recuperados,Fallecidos,Fallecidos,,Severos,Severos,,Total,Total
Semana,Fecha,Var.,Acum.,Nuevos,Acum.,Nuevos,Acum.,Nuevos,Acum.,,Hosp.,UCI,,Nuevos,Acum.
Sem. 5,1-4-2020,188,829,258,1323,53,447,17,47,,198,56,,1124,15 587
Sem. 5,2-4-2020,-7,822,91,1414,90,537,8,55,,189,51,,931,16 518
Sem. 5,3-4-2020,85,907,181,1595,90,627,6,61,,243,72,,816,17 334
Sem. 5,4-4-2020,-148,759,151,1746,287,914,12,73,,286,88,,507,17 841
Sem. 6,5-4-2020,450,1209,535,2281,75,989,10,83,,321,81,,1569,19 410
Sem. 6,6-4-2020,263,1472,280,2561,8,997,9,92,,387,89,,1004,20 414
Sem. 6,7-4-2020,74,1546,393,2954,234,1231,15,107,,490,109,,1141,21 555
Sem. 6,8-4-2020,1342,2888,1388,4342,102,1333,14,121,,512,113,,18 044,39 599
Sem. 6,9-4-2020,792,3680,914,5256,105,1438,17,138,,600,124,,8870,48 465
Sem. 6,10-4-2020,479,4159,641,5897,131,1569,31,169,,687,130,,8212,56 681
Sem. 6,11-4-2020,769,4928,951,6848,170,1739,12,181,,788,142,,9031,65 712
Sem. 7,12-4-2020,600,5528,671,7519,59,1798,12,193,,815,134,,10 794,76 506
Sem. 7,13-4-2020,1398,6926,2265,9784,844,2642,23,216,,901,143,,10 610,87 117
Sem. 7,14-4-2020,278,7204,519,10 303,227,2869,14,230,,914,132,,15 100,102 216
Sem. 7,15-4-2020,909,8113,1172,11 475,239,3108,24,254,,1113,146,,7169,109 385
Sem. 7,16-4-2020,-2016,6097,1016,12 491,3012,6120,20,274,,1277,169,,12 083,121 468
Sem. 7,17-4-2020,551,6648,998,13 489,421,6541,26,300,,1219,137,,6045,127 513
Sem. 7,18-4-2020,740,7388,931,14 420,143,6684,48,348,,1268,117,,8382,135 895
Sem. 8,19-4-2020,1029,8417,1208,15 628,127,6811,52,400,,1349,167,,7850,143 745
Sem. 8,20-4-2020,495,8912,697,16 325,157,6968,45,445,,1682,385,,4266,148 011
Sem. 8,21-4-2020,1459,10 371,1512,17 837,14,6982,39,484,,2419,380,,7713,155 724
Sem. 8,22-4-2020,1322,11 693,1413,19 250,45,7027,46,530,,2434,396,,14 676,170 400
Sem. 8,23-4-2020,1227,12 920,1664,20 914,395,7422,42,572,,2786,467,,14 838,185 238
Sem. 8,24-4-2020,598,13 518,734,21 648,74,7496,62,634,,3194,505,,13 111,198 349
Sem. 8,25-4-2020,3316,16 834,3683,25 331,301,7797,66,700,,3532,545,,19 846,218 195
Sem. 9,26-4-2020,1867,18 701,2186,27 517,291,8088,28,728,,3622,554,,14 552,232 747
Sem. 9,27-4-2020,791,19 492,1182,28 699,337,8425,54,782,,3968,598,,6816,239 563
Sem. 9,28-4-2020,1665,21 157,2491,31 190,754,9179,72,854,,4088,600,,28 049,267 612
Sem. 9,29-4-2020,1794,22 951,2741,33 931,858,10 037,89,943,,4289,623,,28 650,296 262
Sem. 9,30-4-2020,2569,25 520,3045,36 976,368,10 405,108,1051,,4978,651,,21 990,318 252
Semana,Fecha,Activos,Activos,Confirmados,Confirmados,Recuperados,Recuperados,Fallecidos,Fallecidos,,Severos,Severos,,Total,Total
Semana,Fecha,Var.,Acum.,Nuevos,Acum.,Nuevos,Acum.,Nuevos,Acum.,,Hosp.,UCI,,Nuevos,Acum.
Sem. 9,1-5-2020,2686,28 206,3483,40 459,724,11 129,73,1124,,5287,658,,24 246,342 498
Sem. 9,2-5-2020,694,28 900,2075,42 534,1305,12 434,76,1200,,5098,671,,13 106,355 604
Sem. 10,3-5-2020,2192,31 092,3394,45 928,1116,13 550,86,1286,,5281,679,,19 492,375 096
Sem. 10,4-5-2020,509,31 601,1444,47 372,877,14 427,58,1344,,5435,694,,10 396,385 492
Sem. 10,5-5-2020,2731,34 332,3817,51 189,986,15 413,100,1444,,5509,709,,21 087,406 579
Sem. 10,6-5-2020,1425,35 757,3628,54 817,2114,17 527,89,1533,,5729,717,,22 879,429 458
Sem. 10,7-5-2020,2754,38 511,3709,58 526,861,18 388,94,1627,,5980,722,,18 562,448 020
Sem. 10,8-5-2020,2610,41 121,3321,61 847,624,19 012,87,1714,,6155,730,,25 170,473 190
Sem. 10,9-5-2020,1834,42 955,3168,65 015,1234,20 246,100,1814,,6220,748,,21 060,494 520
Sem. 11,10-5-2020,1114,44 069,2292,67 307,1103,21 349,75,1889,,6601,774,,10 680,504 930
Sem. 11,11-5-2020,386,44 455,1515,68 822,1057,22 406,72,1961,,6648,785,,7939,512 869
Sem. 11,12-5-2020,2223,46 678,3237,72 059,918,23 324,96,2057,,6862,797,,19 300,532 169
Sem. 11,13-5-2020,3135,49 813,4247,76 306,1000,24 324,112,2169,,6979,806,,21 133,553 302
Sem. 11,14-5-2020,3373,53 186,4298,80 604,827,25 151,98,2267,,6941,842,,33 990,587 292
Sem. 11,15-5-2020,1770,54 956,3891,84 495,1996,27 147,125,2392,,7085,851,,18 091,605 383
Sem. 11,16-5-2020,2790,57 746,4046,88 541,1125,28 272,131,2523,,7275,840,,25 099,630 482
Sem. 12,17-5-2020,3258,61 004,3732,92 273,349,28 621,125,2648,,7408,850,,20 131,650 613
Sem. 12,18-5-2020,834,61 838,2660,94 933,1685,30 306,141,2789,,7509,866,,10 519,661 132
Sem. 12,19-5-2020,-1793,60 045,4550,99 483,6218,36 524,125,2914,,7526,883,,18 450,679 582
Sem. 12,20-5-2020,-1017,59 028,4537,104 020,5444,41 968,110,3024,,7533,869,,35 841,715 423
Sem. 12,21-5-2020,3006,62 034,4749,108 769,1619,43 587,124,3148,,7455,886,,21 077,736 500
Sem. 12,22-5-2020,1572,63 606,2929,111 698,1261,44 848,96,3244,,7545,901,,14 026,750 526
Sem. 12,23-5-2020,862,64 468,4056,115 754,3067,47 915,127,3371,,7674,909,,37 815,788 341
Sem. 13,24-5-2020,2196,66 664,4205,119 959,1880,49 795,129,3500,,7779,920,,32 626,820 967
Sem. 13,25-5-2020,2737,69 401,4020,123 979,1154,50 949,129 [n 1]​,3629,,8097,909,,19 955,840 922
Sem. 13,26-5-2020,3656,73 057,5772,129 751,1957,52 906,159,3788,,8207,923,,34 799,875 721
Sem. 13,27-5-2020,2696,75 753,6154,135 905,3263,56 169,195,3983,,8267,926,,29 557,905 278
Sem. 13,28-5-2020,2485,78 238,5874,141 779,3273,59 442,116,4099,,8395,943,,23 519,928 797
Sem. 13,29-5-2020,3026,81 264,6506,148 285,3349,62 791,131,4230,,8433,940,,34 820,963 617
Sem. 13,30-5-2020,3589,84 853,7386,155 671,3656,66 447,141,4371,,8465,940,,49 091,1 012 708
Sem. 14,31-5-2020,7909,92 762,8805,164 476,761,67 208,135,4506,,8882,988,,46 166,1 058 874
Semana,Fecha,Activos,Activos,Confirmados,Confirmados,Recuperados,Recuperados,Fallecidos,Fallecidos,,Severos,Severos,,Total,Total
Semana,Fecha,Var.,Acum.,Nuevos,Acum.,Nuevos,Acum.,Nuevos,Acum.,,Hosp.,UCI,,Nuevos,Acum.
Sem. 14,1-6-2020,4136,96 898,5563,170 039,1299,68 507,128,4634,,8868,975,,17 785,1 076 659
Sem. 14,2-6-2020,3962,100 860,4845,174 884,750,69 257,133,4767,,8930,964,,15 987,1 092 646
Sem. 14,3-6-2020,841,101 701,4030,178 914,3062,72 319,127,4894,,10 101,998,,22 969,1 115 615
Sem. 14,4-6-2020,238,101 939,4284,183 198,3909,76 228,137,5031,,9063,1005,,20 216,1 135 831
Sem. 14,5-6-2020,1085,103 024,4202,187 400,2986,79 214,131,5162,,9198,1041,,18 637,1 154 468
Sem. 14,6-6-2020,702,103 726,4358,191 758,3517,82 731,139,5301,,9500,1062,,18 535,1 173 003
Sem. 15,7-6-2020,1105,104 831,4757,196 515,3488,86 219,164,5465,,9583,1062,,18 953,1 191 956
Sem. 15,8-6-2020,-262,104 569,3181,199 696,3337,89 556,106,5571,,9661,1072,,12 029,1 203 985
Sem. 15,9-6-2020,500,105 069,4040,203 736,3373,92 929,167,5738,,9903,1077,,23 706,1 227 691
Sem. 15,10-6-2020,-180,104 889,5087,208 823,5102,98 031,165,5903,,9916,1065,,28 065,1 255 756
Sem. 15,11-6-2020,1361,106 250,5965,214 788,4398,102 429,206,6109,,10 026,1069,,26 722,1 282 478
Sem. 15,12-6-2020,1058,107 308,5961,220 749,4704,107 133,199,6308,,10 121,1089,,32 939,1 315 417
Sem. 15,13-6-2020,-398,106 910,4383,225 132,4591,111 724,190,6498,,10 342,1113,,23 060,1 338 477
Sem. 16,14-6-2020,559,107 469,4604,229 736,3855,115 579,190,6688,,10 297,1111,,22 362,1 360 839
Sem. 16,15-6-2020,-746,106 723,3256,232 992,3830,119 409,172,6860,,10 295,1121,,15 639,1 376 478
Sem. 16,16-6-2020,-1828,104 895,4164,237 156,5796,125 205,196,7056,,10 177,1112,,20 127,1 396 605
Sem. 16,17-6-2020,134,105 029,3752,240 908,3417,128 622,201,7257,,10 204,1111,,21 306,1 417 911
Sem. 16,18-6-2020,708,105 737,3480,244 388,2568,131 190,204,7461,,10 240,1130,,21 856,1 439 767
Sem. 16,19-6-2020,-992,104 745,3537,247 925,4330,135 520,199,7660,,10 445,1126,,21 499,1 461 266
Sem. 16,20-6-2020,-31,104 714,3413,251 338,3243,138 763,201,7861,,10 577,1143,,21 297,1 482 563
Sem. 17,21-6-2020,210,104 924,3598,254 936,3204,141 967,184,8045,,10 566,1137,,21 646,1 504 209
Sem. 17,22-6-2020,-1020,103 904,2511,257 447,3353,145 320,178,8223,,10 714,1144,,13 721,1 517 930
Sem. 17,23-6-2020,65,103 969,3363,260 810,3117,148 437,181,8404,,10 588,1161,,21 816,1 539 746
Sem. 17,24-6-2020,545,104 514,3879,264 689,3152,151 589,182,8586,,10 599,1166,,21 907,1 561 653
Sem. 17,25-6-2020,-747,103 767,3913,268 602,4485,156 074,175,8761,,10 587,1144,,21 952,1 583 605
Sem. 17,26-6-2020,-148,103 619,3762,272 364,3732,159 806,178,8939,,10 964,1172,,20 916,1 604 521
Sem. 17,27-6-2020,-789,102 830,3625,275 989,4218,164 024,196,9135,,10 762,1169,,20 614,1 625 135
Sem. 18,28-6-2020,-726,102 104,3430,279 419,3974,167 998,182,9317,,10 861,1178,,19 977,1 645 112
Sem. 18,29-6-2020,-402,101 702,2946,282 365,3161,171 159,187,9504,,11 000,1183,,16 212,1 661 324
Sem. 18,30-6-2020,-701,101 001,2848,285 213,3376,174 535,173,9677,,11 049,1185,,18 062,1 679 386
Semana,Fecha,Activos,Activos,Confirmados,Confirmados,Recuperados,Recuperados,Fallecidos,Fallecidos,,Severos,Severos,,Total,Total
Semana,Fecha,Var.,Acum.,Nuevos,Acum.,Nuevos,Acum.,Nuevos,Acum.,,Hosp.,UCI,,Nuevos,Acum.
Sem. 18,1-7-2020,-629,100 372,3264,288 477,3710,178 245,183,9860,,11 108,1212,,19 983,1 699 369
Sem. 18,2-7-2020,-510,99 862,3527,292 004,3852,182 097,185,10 045,,11 179,1220,,20 892,1 720 261
Sem. 18,3-7-2020,-341,99 521,3595,295 599,3755,185 852,181,10 226,,11 131,1210,,20 708,1 740 969
Sem. 18,4-7-2020,-474,99 047,3481,299 080,3769,189 621,186,10 412,,11 273,1224,,20 941,1 761 910
Sem. 19,5-7-2020,-875,98 172,3638,302 718,4336,193 957,177,10 589,,11 302,1227,,20 936,1 782 846
Sem. 19,6-7-2020,-860,97 312,2985,305 703,3662,197 619,183,10 772,,11 399,1236,,17 844,1 800 690
Sem. 19,7-7-2020,76,97 388,3575,309 278,3319,200 938,180,10 952,,11 646,1265,,20 638,1 821 328
Sem. 19,8-7-2020,-358,97 030,3633,312 911,3810,204 748,181,11 133,,11 626,1265,,20 988,1 842 316
Sem. 19,9-7-2020,302,97 332,3537,316 448,3054,207 802,181,11 314,,11 770,1292,,20 962,1 863 278
Sem. 19,10-7-2020,176,97 508,3198,319 646,2836,210 638,186,11 500,,11 894,1309,,20 048,1 883 326
Sem. 19,11-7-2020,-632,96 876,3064,322 710,3514,214 152,182,11 682,,11 932,1315,,20 916,1 904 242
Sem. 20,12-7-2020,469,97 345,3616,326 326,2959,217 111,188,11 870,,11 723,1316,,20 989,1 925 231
Sem. 20,13-7-2020,-284,97 061,3797,330 123,3897,221 008,184,12 054,,11 897,1314,,18 448,1 943 679
Sem. 20,14-7-2020,1316,98 377,3744,333 867,2253,223 261,175,12 229,,11 962,1325,,20 242,1 963 921
Sem. 20,15-7-2020,530,98 907,3857,337 724,3139,226 400,188,12 417,,12 048,1323,,20 011,1 983 932
Sem. 20,16-7-2020,-930,97 977,3862,341 586,4594,230 994,198,12 615,,12 396,1302,,20 031,2 003 963
Sem. 20,17-7-2020,779,98 756,3951,345 537,2988,233 982,184,12 799,,12 539,1314,,20 033,2 023 996
Sem. 20,18-7-2020,-340,98 416,3963,349 500,4104,238 086,199,12 998,,12 210,1311,,18 222,2 042 218
Sem. 21,19-7-2020,32,98 448,4090,353 590,3869,241 955,189,13 187,,12 309,1293,,21 022,2 063 240
Sem. 21,20-7-2020,768,99 216,4091,357 681,3126,245 081,197,13 384,,12 772,1303,,21 071,2 084 311
Sem. 21,21-7-2020,546,99 762,4406,362 087,3665,248 746,195,13 579,,12 747,1342,,24 891,2 109 202
Sem. 21,22-7-2020,-2913,96 849,4463,366 550,3500,252 246,3876[n 2]​,17 455,,12 821,1351,,24 573,2 133 775
Sem. 21,23-7-2020,648,97 497,4546,371 096,3699,255 945,199,17 654,,12 985,1372,,24 995,2 158 770
Sem. 21,24-7-2020,1198,98 695,4865,375 961,3478,259 423,189,17 843,,12 920,1389,,24 993,2 183 763
Sem. 21,25-7-2020,29,98 724,3923,379 884,3707,263 130,187,18 030,,13 043,1402,,22 342,2 206 105
Sem. 22,26-7-2020,-6,98 718,4913,384 797,4720,267 850,199,18 229,,13 304,1424,,24 142,2 230 247
Sem. 22,27-7-2020,34,98 752,4920,389 717,4697,272 547,189,18 418,,13 450,1439,,20 009,2 250 256
Sem. 22,28-7-2020,1189,99 941,5288,395 005,3905,276 452,194,18 612,,13 408,1423,,20 461,2 270 717
Sem. 22,29-7-2020,1882,101 823,5678,400 683,3592,280 044,204,18 816,,13 491,1427,,22 895,2 293 612
Sem. 22,30-7-2020,2733,104 556,6809,407 492,3871,283 915,205,19 021,,13 438,1421,,24 642,2 318 254
Sem. 22,31-7-2020,3835,108 391,7243,414 735,3212,287 127,196,19 217,,13 577,1414,,30 142,2 348 396
Semana,Fecha,Activos,Activos,Confirmados,Confirmados,Recuperados,Recuperados,Fallecidos,Fallecidos,,Severos,Severos,,Total,Total
Semana,Fecha,Var.,Acum.,Nuevos,Acum.,Nuevos,Acum.,Nuevos,Acum.,,Hosp.,UCI,,Nuevos,Acum.
Sem. 22,1-8-2020,3549,111 940,7448,422 183,3708,290 835,191,19 408,,13 700,1416,,29 552,2 377 948
Sem. 23,2-8-2020,3109,115 049,6667,428 850,3352,294 187,206,19 614,,13 743,1410,,26 098,2 404 046
Sem. 23,3-8-2020,149,115 198,4250,433 100,3904,298 091,197,19 811,,13 772,1419,,13 811,2 417 857
Sem. 23,4-8-2020,2228,117 426,6790,439 890,4366,302 457,196,20 007,,13 798,1418,,22 327,2 440 184
Sem. 23,5-8-2020,3540,120 966,7734,447 624,3973,306 430,221,20 228,,13 751,1419,,26 561,2 466 745
Sem. 23,6-8-2020,3732,124 698,7785,455 459,3907,310 337,196,20 424,,13 659,1426,,26 684,2 493 429
Sem. 23,7-8-2020,7884,132 582,8416,463 875,3995,314 332,225,20 649,,13 820,1460,,29 564,2 522 993
Sem. 23,8-8-2020,2103,130 997,7137,471 012,4839,319 171,195,20 844,,13 680,1474,,25 446,2 548 439
Sem. 24,9-8-2020,1935,132 932,7012,478 024,4849,324 020,228,21 072,,13 768,1488,,25 252,2 573 691
Sem. 24,10-8-2020,-479,132 453,5109,483 133,5384,329 404,204,21 276,,13 808,1484,,16 387,2 590 078
Sem. 24,11-8-2020,-30,132 423,6547,489 680,6352,335 756,225,21 501,,13 775,1496,,22 521,2 612 599
Sem. 24,12-8-2020,2481,134 904,8875,498 555,6182,341 938,212,21 713,,13 823,1501,,30 865,2 643 464
Sem. 24,13-8-2020,-562,134 342,9441,507 996,6068,348 006,3935[n 3]​,25 648,,13 987,1525,,33 550,2 677 014
Sem. 24,14-8-2020,1866,136 208,8300,516 296,6226,354 232,208,25 856,,14 175,1553,,28 108,2 705 122
Sem. 24,15-8-2020,3739,139 947,9507,525 803,5549,359 781,219,26 075,,13 947,1540,,33 107,2 738 229
Sem. 25,16-8-2020,4351,144 298,10 143,535 946,5586,365 367,206,26 281,,14 074,1533,,35 183,2 773 412
Sem. 25,17-8-2020,-3,144 295,5547,541 493,5350,370 717,200,26 481,,14 181,1524,,20 202,2 793 614
Sem. 25,18-8-2020,4349,148 644,7828,549 321,3302,374 019,177,26 658,,14 092,1527,,25 329,2 818 943
Sem. 25,19-8-2020,5489,154 133,9099,558 420,3434,377 453,176,26 834,,13 888,1516,,33 068,2 852 011
Sem. 25,20-8-2020,5162,159 295,8639,567 059,3277,380 730,200,27 034,,13 779,1519,,31 851,2 883 862
Sem. 25,21-8-2020,4619,163 914,9008,576 067,4178,384 908,211,27 245,,13 773,1530,,31 510,2 915 372
Sem. 25,22-8-2020,2725,166 639,9169,585 236,6236,391 144,208,27 453,,13 661,1506,,35 217,2 950 589
Sem. 26,23-8-2020,667,167 306,9090,594 326,8213,399 357,210,27 663,,13 363,1515,,35 193,2 985 782
Sem. 26,24-8-2020,-1982,165 324,6112,600 438,7944,407 301,150,27 813,,13 367,1525,,21 211,3 006 993
Sem. 26,25-8-2020,-520,164 804,6944,607 382,7276,414 577,188,28 001,,12 950,1522,,25 751,3 032 744
Sem. 26,26-8-2020,-1427,163 377,5996,613 378,7300,421 877,123,28 124,,13 051,1512,,23 106,3 055 850
Sem. 26,27-8-2020,681,164 058,8619,621 997,7785,429 662,153,28 277,,12 871,1526,,33 609,3 089 459
Sem. 26,28-8-2020,-585,163 473,7964,629 961,8355,438 017,194,28 471,,12 595,1517,,34 617,3 124 076
Sem. 26,29-8-2020,680,164 153,9474,639 435,8658,446 675,136,28 607,,12 537,1524,,32 603,3 156 679
Sem. 27,30-8-2020,-1232,162 921,7731,647 166,8782,455 457,181,28 788,,12 364,1514,,35 171,3 191 850
Sem. 27,31-8-2020,-2157,160 764,4871,652 037,6872,462 329,156,28 944,,12 374,1512,,23 992,3 215 842
Semana,Fecha,Activos,Activos,Confirmados,Confirmados,Recuperados,Recuperados,Fallecidos,Fallecidos,,Severos,Severos,,Total,Total
Semana,Fecha,Var.,Acum.,Nuevos,Acum.,Nuevos,Acum.,Nuevos,Acum.,,Hosp.,UCI,,Nuevos,Acum.
Sem. 27,1-9-2020,-4302,156 462,5092,657 129,9270,471 599,124,29 068,,12 162,1493,,17 192,3 233 034
Sem. 27,2-9-2020,-2461,154 001,6308,663 437,8578,480 177,191,29 259,,11 830,1500,,23 677,3 256 711
Sem. 27,3-9-2020,-3147,150 854,6708,670 145,9709,489 886,146,29 405,,11 699,1506,,29 815,3 286 526
Sem. 27,4-9-2020,-2083,148 771,6703,676 848,8637,498 523,149,29 554,,11 411,1497,,33 486,3 320 012
Sem. 27,5-9-2020,-1178,147 593,6854,683 702,7899,506 422,133,29 687,,11 362,1492,,33 423,3 353 435
Sem. 28,6-9-2020,-2493,145 100,6275,689 977,8617,515 039,151,29 838,,11 327,1500,,26 145,3 379 580
Sem. 28,7-9-2020,-5752,139 348,1598,691 575,7212,522 251,138,29 976,,11 242,1488,,7045,3 386 625
Sem. 28,8-9-2020,-3032,136 316,4615,696 190,7500,529 751,147,30 123,,11 087,1499,,16 772,3 403 397
Sem. 28,9-9-2020,-735,135 581,6586,702 776,7208,536 959,113,30 236,,10 727,1476,,25 513,3 428 910
Sem. 28,10-9-2020,-603,134 978,7291,710 067,7786,544 745,108,30 344,,10 641,1460,,28 295,3 457 205
Sem. 28,11-9-2020,-992,133 986,6603,716 670,7469,552 214,126,30 470,,10 490,1469,,25 689,3 482 894
Sem. 28,12-9-2020,-1068,132 918,6162,722 832,7107,559 321,123,30 593,,10 251,1463,,27 103,3 509 997
Sem. 29,13-9-2020,-805,132 113,6787,729 619,7475,566 796,117,30 710,,10 122,1448,,24 940,3 534 937
Sem. 29,14-9-2020,-2429,129 684,4241,733 860,6568,573 364,102,30 812,,10 002,1460,,17 773,3 552 710
Sem. 29,15-9-2020,-3344,126 340,4160,738 020,7389,580 753,115,30 927,,9962,1451,,15 217,3 567 927
Sem. 29,16-9-2020,-708,125 632,6380,744 400,6964,587 717,124,31 051,,9749,1452,,24 294,3 592 221
Sem. 29,17-9-2020,-1193,124 439,5698,750 098,6796,594 513,95,31 146,,9524,1439,,22 517,3 614 738
Sem. 29,18-9-2020,-105,124 334,6314,756 412,6282,600 795,137,31 283,,9400,1449,,26 125,3 640 863
Sem. 29,19-9-2020,-675,123 659,6453,762 865,7042,607 837,86,31 369,,9269,1421,,27 105,3 667 968
Sem. 30,20-9-2020,-1388,122 271,6030,768 895,7418,615 255,s/d,31 369,,9156,1425,,25 845,3 693 813
Sem. 30,21-9-2020,-3267,119 004,4001,772 896,7163,622 418,105,31 474,,9087,1415,,16 881,3 710 694
Sem. 30,22-9-2020,-3138,115 866,3650,776 546,6676,629 094,112,31 586,,8520,1405,,14 178,3 724 872
Sem. 30,23-9-2020,-1530,114 336,6149,782 695,7395,636 489,284[n 4]​,31 870,,8691,1381,,26 711,3 751 583
Sem. 30,24-9-2020,-1689,112 647,6235,788 930,7856,644 345,68,31 938,,8594,1382,,27 065,3 778 648
Sem. 30,25-9-2020,-1048,111 599,5654,794 584,6603,650 948,99,32 037,,8397,1368,,25 692,3 804 340
Sem. 30,26-9-2020,-1435,110 164,5558,800 142,6888,657 836,105,32 142,,8282,1357,,23 484,3 827 824
Sem. 31,27-9-2020,-1614,108 550,5160,805 302,6654,664 490,120,32 262,,8054,1370,,22 298,3 850 122
Sem. 31,28-9-2020,-3149,105 401,3412,808 714,6499,670 989,62,32 324,,8054,1354,,15 238,3 865 360
Sem. 31,29-9-2020,-2954,102 447,3054,811 768,5936,676 925,72,32 396,,7911,1362,,12 963,3 878 323
Sem. 31,30-9-2020,-3896,98 551,3061,814 829,6890,683 815,67,32 463,,7609,1358,,14 030,3 892 353
Semana,Fecha,Activos,Activos,Confirmados,Confirmados,Recuperados,Recuperados,Fallecidos,Fallecidos,,Severos,Severos,,Total,Total
Semana,Fecha,Var.,Acum.,Nuevos,Acum.,Nuevos,Acum.,Nuevos,Acum.,,Hosp.,UCI,,Nuevos,Acum.
Sem. 31,1-10-2020,-3317,95 234,3468,818 297,6713,690 528,72,32 535,,7511,1353,,15 772,3 908 125
Sem. 31,2-10-2020,-1924,93 310,3267,821 564,5117,695 645,74,32 609,,7383,1331,,14 442,3 922 567
Sem. 31,3-10-2020,-1858,91 452,3421,824 985,5223,700 868,56,32 665,,7222,1311,,17 305,3 939 872
Sem. 32,4-10-2020,-2248,89 204,3184,828 169,5355,706 223,77,32 742,,7074,1287,,12 426,3 952 298
Sem. 32,5-10-2020,-4927,84 277,1830,829 999,6665,712 888,92,32 834,,6983,1269,,9047,3 961 345
Sem. 32,6-10-2020,-2327,81 950,2930,832 929,5177,718 065,80,32 914,,6831,1268,,13 662,3 975 007
Sem. 32,7-10-2020,-2903,79 047,2733,835 662,5541,723 606,95,33 009,,6735,1247,,13 063,3 988 070
Sem. 32,8-10-2020,-1747,77 300,2952,838 614,4610,728 216,89,33 098,,6647,1233,,15 293,4 003 363
Sem. 32,9-10-2020,-103,77 197,4741,843 355,4784,733 000,60,33 158,,6544,1235,,24 228,4 027 591
Sem. 32,10-10-2020,-2521,74 676,2733,846 088,5189,738 189,65,33 223,,6334,1207,,23 090,4 050 681
Sem. 33,11-10-2020,-2579,72 097,3283,849 371,5780,743 969,82,33 305,,6291,1210,,26 676,4 077 357
Sem. 33,12-10-2020,-2380,69 717,1800,851 171,4128,748 097,52,33 357,,6272,1182,,15 209,4 092 566
Sem. 33,13-10-2020,-3121,66 596,2803,853 974,5862,753 959,62,33 419,,6274,1173,,19 385,4 111 951
Sem. 33,14-10-2020,-2754,63 842,2977,856 951,5638,759 597,93,33 512,,6237,1163,,23 272,4 135 223
Sem. 33,15-10-2020,-2429,61 413,2789,859 740,5153,764 750,65,33 577,,6222,1139,,23 136,4 158 359
Sem. 33,16-10-2020,-1721,59 692,2677,862 417,4327,769 077,71,33 648,,6172,1149,,23 617,4 181 976
Sem. 33,17-10-2020,-2201,57 491,3132,865 549,5279,774 356,54,33 702,,5940,1133,,24 395,4 206 371
Sem. 34,18-10-2020,-2354,55 137,3126,868 675,5423,779 779,57,33 759,,5938,1068,,23 982,4 230 353
Sem. 34,19-10-2020,-2137,53 000,2201,870 876,4277,784 056,61,33 820,,6010,1094,,19 105,4 249 458
Sem. 34,20-10-2020,-1259,51 749,3242,874 118,4438,788 494,55,33 875,,5842,1090,,21 342,4 270 800
Sem. 34,21-10-2020,-1693,50 056,2767,876 885,4398,792 892,62,33 937,,5743,1076,,22 948,4 293 748
Sem. 34,22-10-2020,-883,49 173,2991,879 876,3827,796 719,47,33 984,,5656,1092,,23 131,4 316 879
Sem. 34,23-10-2020,-570,48 603,3240,883 116,3761,800 480,49,34 033,,5697,1080,,26 668,4 343 547
Sem. 34,24-10-2020,-330,48 273,3098,886 214,3366,803 846,62,34 095,,5520,1044,,24 422,4 367 969
Sem. 35,25-10-2020,-1343,46 930,2501,888 715,3790,807 636,54,34 149,,5492,1050,,22 433,4 390 402
Sem. 35,26-10-2020,-1548,46 930,1859,890 574,3359,810 995,48,34 197,,5615,1070,,16 891,4 407 293
Semana,Fecha,Var.,Acum.,Nuevos,Acum.,Nuevos,Acum.,Nuevos,Acum.,,Hosp.,UCI,,Nuevos,Acum.
Semana,Fecha,Activos,Activos,Confirmados,Confirmados,Recuperados,Recuperados,Muertes,Muertes,,Severos,Severos,,PCR+PR,PCR+PR
Semana,Fecha,Casos,Casos,Casos,Casos,Casos,Casos,Casos,Casos,Casos,Casos,Casos,,Pruebas,Pruebas
